Name,S,05-22-24 Tea + NRG,Aloe,Lift Off,ABL Bottom,ABL Top
Tropical Thunder,,Lemon + NRG,Mango,Pom,Pineapple,Blue Raspberry
Berry Blast,Y,Raspberry + NRG,Cranberry,Lime,Strawberry,Blue Blast
Sunset Citrus,,Peach + NRG,Orange,Orange L/O,Watermelon,Lemonade
Frozen Limeade,,Chai + NRG,Lime,Lime L/O,Blue Blast,Strawberry
Dragonfruit Dream,Y,Raspberry + NRG,Dragonfruit,Pom / Lime,Pineapple,Grape
Summer Storm,,Lemon + NRG,Mango,Tropical,Blue Raspberry,Cherry
Wild Cherry Pop,,Raspberry + NRG,Cherry,Pom,Blue Blast,Lemonade
Peach Perfect,,Peach + NRG,Mandarin,Orange L/O,Peach,Pineapple
Ocean Breeze,Y,Lemon + NRG,Coconut,Lime,Blue Blast,Raspberry
Candy Cloud,,Raspberry + NRG,Strawberry,Rainbow Candy,Watermelon,Grape
Electric Pineapple,,Peach + NRG,Pineapple,Pom / Lime,Strawberry,Blue Raspberry
Watermelon Wave,Y,Raspberry + NRG,Watermelon,Lime,Pineapple,Lemonade
Firecracker,,Chai + NRG,Strawberry,Orange L/O,Cherry,Blue Blast
Golden Glow,,Lemon + NRG,Mango,Lime,Pineapple,Grape
Rainbow Rush,,Raspberry + NRG,Cranberry,Rainbow Candy + Cherry,Strawberry,Pineapple
Midnight Berry,,Peach + NRG,Blueberry,Pom,Grape,Blue Blast
Cherry Frost,Y,Raspberry + NRG,Cherry,Lime,Blue Blast,Lemonade
Citrus Crush,,Lemon + NRG,Orange,Orange L/O,Pineapple,Strawberry
Mango Madness,,Peach + NRG,Mango,Pom,Watermelon,Blue Raspberry
Coconut Cooler,,Raspberry + NRG,Coconut,Lime,Pineapple,Cherry
Prickly Pear Punch,Y,Lemon + NRG,Prickly Pear,Pom / Lime,Strawberry,Lemonade
Apple Twist,,Chai + NRG,Apple,Tropical,Watermelon,Grape
Berry Breeze,,Raspberry + NRG,Cranberry,Pom,Lemonade,Pineapple
Sunrise Splash,Y,Peach + NRG,Mango,Lime,Strawberry,Blue Blast
Blue Lagoon,,Lemon + NRG,Blueberry,Blue Blast,Pineapple,Lemonade
Pomegranate Pop,,Raspberry + NRG,Pomegranate,Pom / Lime,Strawberry,Blue Raspberry
Tiki Torch,Y,Peach + NRG,Mango,Orange L/O,Coconut,Grape
Strawberry Fields,,Raspberry + NRG,Strawberry,Lime,Blue Raspberry,Lemonade
Cranberry Cooler,,Chai + NRG,Cranberry,Pom / Lime,Watermelon,Pineapple
Frozen Peach,,Peach + NRG,Peach,Lime,Lemonade,Blue Blast
Lava Lamp,Y,Lemon + NRG,Strawberry,Rainbow Candy + Cherry,Pineapple,Blue Raspberry
Citrus Sunrise,,Raspberry + NRG,Orange,Pom,Lemonade,Strawberry
Blueberry Bliss,,Peach + NRG,Blueberry,Lime,Grape,Pineapple
Cherry Bomb,Y,Raspberry + NRG,Cherry,Orange L/O,Watermelon,Blue Blast
Island Breeze,,Lemon + NRG,Coconut,Lime,Pineapple,Cherry
Rainbow Delight,,Raspberry + NRG,Strawberry,Rainbow Candy,Lemonade,Blue Raspberry
Peachy Keen,,Peach + NRG,Peach,Pom,Strawberry,Lemonade
Ocean Sunrise,Y,Lemon + NRG,Mango,Lime,Pineapple,Blue Blast
Berry Fusion,,Raspberry + NRG,Blueberry,Pom / Lime,Grape,Lemonade
Tropical Twist,,Peach + NRG,Pineapple,Orange L/O,Watermelon,Blue Raspberry
Summer Vibes,,Raspberry + NRG,Mango,Lime,Strawberry,Pineapple
Neon Nights,Y,Lemon + NRG,Cranberry,Rainbow Candy,Blue Blast,Cherry
Grape Escape,,Chai + NRG,Grape,Pom / Lime,Watermelon,Lemonade
Coconut Crush,,Peach + NRG,Coconut,Lime,Pineapple,Blue Raspberry
Dragon Blast,Y,Raspberry + NRG,Dragonfruit,Tropical,Strawberry,Lemonade
Pink Paradise,,Lemon + NRG,Strawberry,Orange L/O,Watermelon,Pineapple
Berry Inferno,,Raspberry + NRG,Blueberry,Lime,Grape,Blue Blast
Citrus Pop,,Peach + NRG,Orange,Pom,Lemonade,Strawberry
Mango Tango,Y,Lemon + NRG,Mango,Lime,Watermelon,Pineapple
Frostbite,,Raspberry + NRG,Cranberry,Orange L/O,Blue Raspberry,Lemonade
